<?xml version="1.0" encoding="UTF-8" ?>
<extension version="2.5" type="plugin" group="vmpayment" method="upgrade">
    <name>VM Payment - ePayco</name>
    <creationDate>December 5 2019</creationDate>
    <author>ePayco</author>
    <authorUrl>https://epayco.co</authorUrl>
    <copyright>Copyright (C) 2004 - 2017 Virtuemart Team. All rights reserved.</copyright>
    <license>http://www.gnu.org/licenses/gpl-3.0.html GNU/GPL</license>
    <version>3.9.13</version>
    <description>
        <![CDATA[
        <center>
            <a href="http://epayco.co" target="_blank"><img src="../plugins/vmpayment/payco/payco/logopayco.png" alt="ePayco"></a>
            
            <br>
            <h3>
                ePayco<br>
                <strong style="color: #F00;">
                    Por seguridad recuerde siempre revisar su cuenta de ePayco
                    <br>para confirmar las transacciones antes de hacer el envio.
                </strong>
            <h3>
        </center>
        ]]>
    </description>

    <files>
	<filename plugin="payco">payco.php</filename>
        <filename plugin="payco">index.html</filename>
        <folder>payco</folder>
        <folder>language</folder>
    </files>

    <vmconfig>
        <fields name="params">
            <fieldset name="basic" addfieldpath="/administrator/components/com_virtuemart/fields">
            <fieldset name="fields" addfieldpath="/administrator/components/com_virtuemart/fields"/>
        <field  name="payco_user_id" type="text" size="50" default=""
                       label="P_CUST_ID_CLIENTE"  description="ID de cliente que lo representa en la plataforma. Es proporcionado en su panel de clientes en la opción configuración."/>
        <field type="spacer" default="" level="level1" />
        <field type="text" name="payco_encrypt_key"  size="50" label="P_KEY" default="" description="Corresponde a la llave de autenticación en el API Rest, Proporcionado en su panel de clientes en la opción configuración." />
        <field type="spacer" default="" level="level1" />
        <field type="text" name="payco_public_key"  size="50" label="PUBLIC_KEY" default="" description="Corresponde a la llave de autenticación en el API Rest, Proporcionado en su panel de clientes en la opción configuración" />
        <field type="text" name="payco_private_key"  size="50" label="PRIVATE_KEY" default="" description="Corresponde a la llave de autenticación en el API Rest, Proporcionado en su panel de clientes en la opción configuración" />
        <field type="spacer" default="" level="level1" />
        <field name="p_test_request" type="radio" label="Modo de pruebas" description="Eligir si usar modo de pruebas" >
            <option value="FALSE">COM_VIRTUEMART_NO</option>
            <option value="TRUE">COM_VIRTUEMART_YES</option>
        </field>
        <field name="p_external_request" type="radio" label="OnePage Checkout" description="Eligir si usar extandar checkou o one page" >
            <option value="FALSE">COM_VIRTUEMART_NO</option>
            <option value="TRUE">COM_VIRTUEMART_YES</option>
        </field>
        <field name="epayco_lang" type="radio" label="Idioma del Checkout" description="Seleccione el idioma del checkout" >
            <option value="en">EN</option>
            <option value="es">ES</option>
        </field>
        <field name="epayco_status_order" type="radio" label="Final Status Order" description="Seleccione el estado del pedido que se aplicará a la hora de aceptar y confirmar el pago de la orden" >
            <option value="COM_VIRTUEMART_ORDER_STATUS_COMPLETED">COMPLETED</option>
            <option value="COM_VIRTUEMART_ORDER_STATUS_CONFIRMED">CONFIRMED</option>
        </field>
        <field type="spacer" default="" level="level1" />
        <field name="min_amount" type="text"  label="Monto minimo" description="Monto minimo" />
        <field type="spacer" default="" level="level1" />
        <field name="max_amount" type="text"  label="Importe Máximo" description="Importe Máximo" />
        <field name="tax_id" type="vmtaxes" scope="com_virtuemart"  label="Impuesto" description="Impuesto" />
            </fieldset>
        </fields>
    </vmconfig>
</extension>
